"ID","Description","GeneRatio","BgRatio","RichFactor","FoldEnrichment","zScore","pvalue","p.adjust","qvalue","geneID","Count"
"GO:0051607","defense response to virus","8/47","305/18842",0.0262295081967213,10.5152424136728,8.37779618111008,7.81473346048094e-07,0.000825235853426787,0.000700035597354661,"TRIM5/OASL/MX2/UNC93B1/ISG15/TRIM22/SMARCA5/ISG20",8
"GO:0009615","response to virus","8/47","400/18842",0.02,8.01787234042553,7.0943267843825,5.86118630011925e-06,0.00309470636646296,0.00262519449547446,"TRIM5/OASL/MX2/UNC93B1/ISG15/TRIM22/SMARCA5/ISG20",8
"GO:0019058","viral life cycle","6/47","284/18842",0.0211267605633803,8.46958345819598,6.3426348224496,7.10668995611876e-05,0.025015548645538,0.0212203268514283,"TRIM5/OASL/ISG15/CHMP5/ISG20/NRP1",6
"GO:1903900","regulation of viral life cycle","4/47","110/18842",0.0363636363636364,14.5779497098646,7.14197297575311,0.000161649107350691,0.0408196623579474,0.034626727139766,"TRIM5/OASL/ISG15/ISG20",4
"GO:0045071","negative regulation of viral genome replication","3/47","48/18842",0.0625,25.0558510638298,8.34471430382692,0.000232538758195197,0.0408196623579474,0.034626727139766,"OASL/ISG15/ISG20",3
"GO:0002604","regulation of dendritic cell antigen processing and presentation","2/47","10/18842",0.2,80.1787234042553,12.5239121146564,0.000270584883054576,0.0408196623579474,0.034626727139766,"CD68/NOD2",2
"GO:0071225","cellular response to muramyl dipeptide","2/47","10/18842",0.2,80.1787234042553,12.5239121146564,0.000270584883054576,0.0408196623579474,0.034626727139766,"CHMP5/NOD2",2
"GO:0016032","viral process","6/47","383/18842",0.0156657963446475,6.28031776012444,5.22077647133301,0.000360200542735581,0.0427211891484439,0.0362397647182274,"TRIM5/OASL/ISG15/CHMP5/ISG20/NRP1",6
"GO:0050792","regulation of viral process","4/47","136/18842",0.0294117647058824,11.7909887359199,6.31567781650828,0.000364101043878783,0.0427211891484439,0.0362397647182274,"TRIM5/OASL/ISG15/ISG20",4
